ALL,
06MAGNA,
11BIT,
3RGAMES,
ABPL,
ACAUTOGAZ,
ACTION,
ADIUVO,
AGORA,
AGROTON,
AIGAMES,
AILLERON,
AIRWAY,
ALIOR,
ALLEGRO,
ALTA,
ALTUS,
ALUMETAL,
AMBRA,
AMICA,
AMREST,
ANSWEAR,
APATOR,
APLISENS,
APSENERGY,
ARCHICOM,
ARCTIC,
ARTERIA,
ARTIFEX,
ASBIS,
ASMGROUP,
ASSECOBS,
ASSECOPOL,
ASSECOSEE,
ASTARTA,
ATAL,
ATENDE,
ATLANTAPL,
ATLANTIS,
ATLASEST,
ATMGRUPA,
ATREM,
AUTOPARTN,
BAHOLDING,
BBIDEV,
BEDZIN,
BENEFIT,
BEST,
BETACOM,
BIGCHEESE,
BIOMAXIMA,
BIOMEDLUB,
BIOTON,
BNPPPL,
BOGDANKA,
BOOMBIT,
BORYSZEW,
BOS,
BOWIM,
BRAND24,
BRASTER,
BUDIMEX,
BUMECH,
CAPTORTX,
CAVATINA,
CCC,
CDPROJEKT,
CDRL,
CELTIC,
CEZ,
CFI,
CIECH,
CIGAMES,
CITYSERV,
CLNPHARMA,
CNT,
COALENERG,
COGNOR,
COMARCH,
COMP,
COMPERIA,
COMPREMUM,
CORMAY,
CPGROUP,
CREEPYJAR,
CREOTECH,
CYFRPLSAT,
DADELO,
DATAWALK,
DEBICA,
DECORA,
DEKPOL,
DELKO,
DEVELIA,
DGA,
DIGITANET,
DIGITREE,
DINOPL,
DOMDEV,
DROZAPOL,
ECHO,
EDINVEST,
EKOEXPORT,
ELEKTROTI,
ELKOP,
ELZAB,
EMCINSMED,
ENEA,
ENELMED,
ENERGA,
ENTER,
ERBUD,
ERG,
ESOTIQ,
ESTAR,
EUCO,
EUROCASH,
EUROHOLD,
EUROTEL,
FAMUR,
FASING,
FEERUM,
FERRO,
FERRUM,
FON,
FORTE,
GAMEOPS,
GAMFACTOR,
GETIN,
GETINOBLE,
GIGROUP,
GLCOSMED,
GOBARTO,
GPW,
GREENX,
GROCLIN,
GRODNO,
GRUPAAZOTY,
GRUPRACUJ,
GTC,
HANDLOWY,
HARPER,
HELIO,
HERKULES,
HMINWEST,
HUUUGE,
HYDROTOR,
IBSM,
IDMSA,
IFCAPITAL,
IFIRMA,
IFSA,
IIAAV,
IMCOMPANY,
IMMOBILE,
IMPERIO,
IMS,
INC,
INGBSK,
INPRO,
INSTALKRK,
INTERAOLT,
INTERCARS,
INTERSPPL,
INTROL,
INVISTA,
IPOPEMA,
IZOLACJA,
IZOSTAL,
JSW,
JWWINVEST,
K2HOLDING,
KCI,
KERNEL,
KETY,
KGHM,
KGL,
KINOPOL,
KOGENERA,
KOMPAP,
KOMPUTRON,
KPPD,
KRAKCHEM,
KREC,
KREDYTIN,
KRKA,
KRUK,
KRVITAMIN,
KSGAGRO,
LABOPRINT,
LARQ,
LENA,
LENTEX,
LIBET,
LIVECHAT,
LOKUM,
LPP,
LSISOFT,
LUBAWA,
MABION,
MAKARONPL,
MANGATA,
MANYDEV,
MARVIPOL,
MAXCOM,
MBANK,
MBWS,
MCI,
MDIENERGIA,
MEDICALG,
MEDINICE,
MENNICA,
MERCATOR,
MERCOR,
MEXPOLSKA,
MFO,
MILKILAND,
MILLENNIUM,
MIRACULUM,
MIRBUD,
MLPGROUP,
MLSYSTEM,
MOBRUK,
MOJ,
MOL,
MOLECURE,
MONNARI,
MOSTALPLC,
MOSTALWAR,
MOSTALZAB,
MUZA,
MWTRADE,
NANOGROUP,
NEUCA,
NEWAG,
NEXITY,
NOVATURAS,
NOVAVISGR,
NOVITA,
NTTSYSTEM,
ODLEWNIE,
OEX,
ONDE,
OPENFIN,
OPONEO.PL,
OPTEAM,
ORANGEPL,
ORCOGROUP,
OTLOG,
OTMUCHOW,
OVOSTAR,
PAMAPOL,
PANOVA,
PATENTUS,
PCCEXOL,
PCCROKITA,
PCFGROUP,
PEKABEX,
PEKAO,
PEP,
PEPCO,
PEPEES,
PGE,
PGFGROUP,
PGNIG,
PHARMENA,
PHN,
PHOTON,
PKNORLEN,
PKOBP,
PKPCARGO,
PLAYWAY,
PLAZACNTR,
PMPG,
POLICE,
POLIMEXMS,
POLTREG,
POLWAX,
PRAGMAINK,
PRIMAMODA,
PROCHEM,
PROJPRZEM,
PROTEKTOR,
PULAWY,
PUNKPIRAT,
PURE,
PZU,
QUERCUS,
R22,
RAFAKO,
RAFAMET,
RAINBOW,
RANKPROGR,
RAWLPLUG,
REDAN,
REINO,
RELPOL,
REMAK,
RESBUD,
ROPCZYCE,
RYVU,
SANOK,
SANPL,
SANTANDER,
SANWIL,
SATIS,
SECOGROUP,
SEKO,
SELENAFM,
SELVITA,
SERINUS,
SESCOM,
SFINKS,
SHOPER,
SILVAIR-REGS,
SILVANO,
SIMFABRIC,
SKARBIEC,
SKOTAN,
SKYLINE,
SLEEPZAG,
SNIEZKA,
SOHODEV,
SOLAR,
SONEL,
SOPHARMA,
SPYROSOFT,
STALEXP,
STALPROD,
STALPROFI,
STAPORKOW,
STSHOLDING,
SUNEX,
SUWARY,
SYGNITY,
SYNEKTIK,
TALEX,
TARCZYNSKI,
TATRY,
TAURONPE,
TERMOREX,
TESGAS,
TIM,
TORPOL,
TOWERINVT,
TOYA,
TRAKCJA,
TRANSPOL,
TSGAMES,
TXM,
ULMA,
ULTGAMES,
UNIBEP,
UNICREDIT,
UNIMA,
UNIMOT,
URSUS,
VENTUREIN,
VERCOM,
VIGOSYS,
VINDEXUS,
VISTAL,
VIVID,
VOTUM,
VOXEL,
VRG,
WARIMPEX,
WASKO,
WAWEL,
WIELTON,
WIKANA,
WIRTUALNA,
WITTCHEN,
WOJAS,
XTB,
XTPL,
YOLO,
ZAMET,
ZEPAK,
ZPUE,
ZREMB,
ZUE,
ZYWIEC
