06MAGNA,
08OCTAVA,
11BIT,
3RGAMES,
4FUNMEDIA,
ABPL,
ACAUTOGAZ,
ACTION,
ADIUVO,
AGORA,
AGROTON,
AIGAMES,
AILLERON,
AIRWAY,
ALLEGRO,
ALTA,
ALTUS,
ALUMETAL,
AMBRA,
AMICA,
AMPLI,
AMREST,
ANSWEAR,
APATOR,
APLISENS,
APSENERGY,
ARCHICOM,
ARCTIC,
ARTERIA,
ARTIFEX,
ASBIS,
ASMGROUP,
ASSECOBS,
ASSECOPOL,
ASSECOSEE,
ASTARTA,
ATAL,
ATENDE,
ATLANTAPL,
ATLANTIS,
ATLASEST,
ATMGRUPA,
ATREM,
AUTOPARTN,
BAHOLDING,
BBIDEV,
BEDZIN,
BENEFIT,
BERLING,
BEST,
BETACOM,
BIGCHEESE,
BIOMAXIMA,
BIOMEDLUB,
BIOPLANET,
BIOTON,
BOGDANKA,
BOOMBIT,
BORYSZEW,
BOWIM,
BRAND24,
BRASTER,
BUDIMEX,
BUMECH,
CAPITAL,
CAPTORTX,
CCC,
CDPROJEKT,
CDRL,
CELTIC,
CEZ,
CFI,
CIECH,
CIGAMES,
CITYSERV,
CLNPHARMA,
CNT,
COALENERG,
COGNOR,
COMARCH,
COMP,
COMPERIA,
COMPREMUM,
CORMAY,
CPGROUP,
CREEPYJAR,
CYFRPLSAT,
CZTOREBKA,
DADELO,
DATAWALK,
DEBICA,
DECORA,
DEKPOL,
DELKO,
DEVELIA,
DGA,
DIGITREE,
DINOPL,
DOMDEV,
DREWEX,
DROZAPOL,
ECHO,
EDINVEST,
EFEKT,
EKOEXPORT,
ELEKTROTI,
ELKOP,
ELZAB,
EMCINSMED,
ENAP,
ENEA,
ENELMED,
ENERGA,
ENERGOINS,
ENTER,
ERBUD,
ERG,
ESOTIQ,
ESTAR,
EUCO,
EUROCASH,
EUROHOLD,
EUROTEL,
FAMUR,
FASING,
FASTFIN,
FERRO,
FERRUM,
FMG,
FORTE,
GAMEOPS,
GAMFACTOR,
GETBACK,
GIGROUP,
GLCOSMED,
GOBARTO,
GPW,
GREENX,
GROCLIN,
GRODNO,
GRUPAAZOTY,
GRUPRACUJ,
GTC,
HARPER,
HELIO,
HERKULES,
HMINWEST,
HOLLYWOOD,
HUUUGE,
HYDROTOR,
IBSM,
IDMSA,
IFCAPITAL,
IFIRMA,
IIAAV,
IMCOMPANY,
IMMOBILE,
IMPERIO,
IMS,
INC,
INPRO,
INSTALKRK,
INTERAOLT,
INTERBUD,
INTERCARS,
INTERSPPL,
INTROL,
INVISTA,
IPOPEMA,
ITMTRADE,
IZOBLOK,
IZOLACJA,
IZOSTAL,
JSW,
JWWINVEST,
K2HOLDING,
KCI,
KDMSHIPNG,
KERNEL,
KETY,
KGHM,
KGL,
KINOPOL,
KOGENERA,
KOMPAP,
KOMPUTRON,
KPPD,
KRAKCHEM,
KREC,
KREDYTIN,
KRKA,
KRUK,
KRVITAMIN,
KSGAGRO,
LABOPRINT,
LARK,
LARQ,
LENA,
LENTEX,
LIBET,
LIVECHAT,
LOKUM,
LPP,
LSISOFT,
LUBAWA,
MABION,
MAKARONPL,
MANGATA,
MANYDEV,
MARVIPOL,
MASTERPHA,
MAXCOM,
MBWS,
MCI,
MDIENERGIA,
MEDICALG,
MEDINICE,
MEGARON,
MENNICA,
MERCATOR,
MEXPOLSKA,
MFO,
MILKILAND,
MIRACULUM,
MIRBUD,
MLPGROUP,
MLSYSTEM,
MOBRUK,
MOL,
MOLECURE,
MONNARI,
MOSTALPLC,
MOSTALWAR,
MOSTALZAB,
MUZA,
MWTRADE,
NANOGROUP,
NEUCA,
NEWAG,
NEXITY,
NOVATURAS,
NOVAVISGR,
NOVITA,
NTTSYSTEM,
ODLEWNIE,
OEX,
ONDE,
OPENFIN,
OPONEO.PL,
OPTEAM,
ORANGEPL,
ORCOGROUP,
ORZBIALY,
OTLOG,
OTMUCHOW,
OVOSTAR,
PAMAPOL,
PANOVA,
PATENTUS,
PBG,
PBSFINANSE,
PCCEXOL,
PCCROKITA,
PCFGROUP,
PCGUARD,
PEKABEX,
PEPCO,
PEPEES,
PGE,
PGFGROUP,
PGNIG,
PHARMENA,
PHN,
PHOTON,
PKNORLEN,
PKPCARGO,
PLAYWAY,
PLAZACNTR,
PMPG,
POLICE,
POLIMEXMS,
POLTREG,
POLWAX,
PRAGMAINK,
PRIMAMODA,
PRIMETECH,
PROCHEM,
PROJPRZEM,
PROTEKTOR,
PULAWY,
PUNKPIRAT,
PURE,
PZU,
QUANTUM,
QUERCUS,
RAFAKO,
RAFAMET,
RAINBOW,
RANKPROGR,
RAWLPLUG,
REDAN,
REGNON,
REINHOLD,
REINO,
RELPOL,
REMAK,
RESBUD,
ROPCZYCE,
RYVU,
SADOVAYA,
SANOK,
SANWIL,
SATIS,
SECOGROUP,
SEKO,
SELENAFM,
SELVITA,
SERINUS,
SESCOM,
SFINKS,
SHOPER,
SILVAIR-REGS,
SILVANO,
SKARBIEC,
SKOTAN,
SKYLINE,
SNIEZKA,
SOHODEV,
SOLAR,
SONEL,
SOPHARMA,
SPYROSOFT,
STALEXP,
STALPROD,
STALPROFI,
STAPORKOW,
STARHEDGE,
SUNEX,
SUWARY,
SYGNITY,
SYNEKTIK,
TALEX,
TARCZYNSKI,
TATRY,
TAURONPE,
TBULL,
TERMOREX,
TESGAS,
TIM,
TORPOL,
TOWERINVT,
TOYA,
TRAKCJA,
TRANSPOL,
TRITON,
TSGAMES,
TXM,
ULMA,
ULTGAMES,
UNIBEP,
UNIMA,
UNIMOT,
URSUS,
VENTUREIN,
VERCOM,
VIGOSYS,
VINDEXUS,
VISTAL,
VIVID,
VOTUM,
VOXEL,
VRG,
WARIMPEX,
WASKO,
WAWEL,
WIELTON,
WIKANA,
WINVEST,
WIRTUALNA,
WITTCHEN,
WOJAS,
XTB,
XTPL,
YOLO,
ZAMET,
ZEPAK,
ZPUE,
ZREMB,
ZUE,
ZYWIEC,
